snapshot_hour_utc,game_id,position,user_login,viewer_count,language,started_at
2026-08-28T01,509658,1,2xrakai,29197,en,2026-08-27T23:49:17Z
2026-08-28T01,509658,2,xqc,26196,en,2026-08-27T17:47:50Z
2026-08-28T01,509658,3,jasontheween,23299,en,2026-08-27T18:59:57Z
2026-08-28T01,1898040946,1,tumblurr,37066,it,2026-08-27T17:58:10Z
2026-08-28T01,1898040946,2,jerma985,9272,en,2026-08-27T22:44:32Z
2026-08-28T01,1898040946,3,vinesauce,5065,en,2026-08-27T22:51:54Z
2026-08-28T01,21779,1,loltyler1,5472,en,2026-08-27T20:09:59Z
2026-08-28T01,21779,2,doublelift,4719,en,2026-08-27T20:49:56Z
2026-08-28T01,21779,3,nissaxter,3452,es,2026-08-27T21:32:01Z
2026-08-28T01,32982,1,officermesser,3912,en,2026-08-27T22:53:17Z
2026-08-28T01,32982,2,teegrizzley,2930,en,2026-08-27T18:47:20Z
2026-08-28T01,32982,3,aenot,2075,fr,2026-08-27T17:33:29Z
2026-08-28T01,18122,1,teamliquid,13626,en,2026-08-27T06:40:55Z
2026-08-28T01,18122,2,maximum,12825,en,2026-08-27T16:52:03Z
2026-08-28T01,18122,3,penta,1812,en,2026-08-27T18:33:11Z
2026-08-28T01,491487,1,voertee,20244,en,2026-08-28T00:41:03Z
2026-08-28T01,491487,2,facuuparejas,1509,es,2026-08-27T21:14:49Z
2026-08-28T01,491487,3,ohtofu,1377,en,2026-08-27T22:21:52Z
2026-08-28T01,32399,1,pref1k_,20242,pl,2026-08-28T00:41:03Z
2026-08-28T01,32399,2,strogo,8118,ru,2026-08-27T20:05:45Z
2026-08-28T01,32399,3,oruipinto,1505,pt,2026-08-27T19:59:57Z
2026-08-28T01,491931,1,theburntpeanut,34843,en,2026-08-28T00:10:51Z
2026-08-28T01,491931,2,stankrat,1064,en,2026-08-27T22:38:57Z
2026-08-28T01,491931,3,heyyouvideogame,954,en,2026-08-28T00:43:00Z
2026-08-28T01,27471,1,valkyrae,4107,en,2026-08-27T19:31:31Z
2026-08-28T01,27471,2,fuslie,3294,en,2026-08-27T19:24:19Z
2026-08-28T01,27471,3,cam2r,2944,en,2026-08-27T23:59:55Z
2026-08-28T01,33214,1,faxuty,5991,en,2026-08-27T22:14:28Z
2026-08-28T01,33214,2,aussieantics,3415,en,2026-08-27T21:39:55Z
2026-08-28T01,33214,3,gorilon,1214,es,2026-08-28T01:12:38Z
2026-08-28T01,460630,1,kalil_xtx,29142,pt,2026-08-28T00:41:03Z
2026-08-28T01,460630,2,mingo,2166,en,2026-08-27T17:58:04Z
2026-08-28T01,460630,3,beaulo,835,en,2026-08-27T21:11:01Z
2026-08-28T01,516575,1,johnqtcs,4134,en,2026-08-27T23:02:29Z
2026-08-28T01,516575,2,xarola_,2035,pt,2026-08-27T20:41:09Z
2026-08-28T01,516575,3,melhssn_,1570,fr,2026-08-27T21:25:20Z
2026-08-28T01,570615518,1,zackrawrr,25930,en,2026-08-27T18:07:51Z
2026-08-28T01,570615518,2,dizzykitten,1366,en,2026-08-27T23:04:28Z
2026-08-28T01,570615518,3,streamdatabase,1088,en,2026-08-26T17:52:13Z
2026-08-28T01,602040818,1,joeknowsyt,3248,en,2026-08-27T21:08:45Z
2026-08-28T01,602040818,2,rayasianboy,1907,en,2026-08-27T21:49:58Z
2026-08-28T01,602040818,3,madi2hottyy,1000,en,2026-08-27T21:10:41Z
2026-08-28T01,513143,1,k3soju,8776,en,2026-08-27T14:01:33Z
2026-08-28T01,513143,2,gotaga,3788,fr,2026-08-27T17:24:37Z
2026-08-28T01,513143,3,boxbox,1864,en,2026-08-27T23:44:03Z
2026-08-28T01,1730141938,1,lvcaoabelha,29024,pt,2026-08-28T00:41:05Z
2026-08-28T01,511224,1,imperialhal__,8455,en,2026-08-27T20:58:06Z
2026-08-28T01,511224,2,nicewigg,4483,en,2026-08-27T21:56:41Z
2026-08-28T01,511224,3,sweetdreams,1264,en,2026-08-27T21:00:15Z
2026-08-28T01,1264310518,1,jay3,2700,en,2026-08-27T17:11:06Z
2026-08-28T01,1264310518,2,kingsman265_twitch,2062,en,2026-08-28T00:08:50Z
2026-08-28T01,1264310518,3,aramori,917,en,2026-08-27T21:32:08Z
2026-08-28T01,29595,1,mellstroy,4106,ru,2026-08-27T22:54:44Z
2026-08-28T01,29595,2,judah_xx,2781,en,2026-08-27T21:10:26Z
2026-08-28T01,29595,3,masondota2,2099,en,2026-08-27T21:03:24Z
2026-08-28T01,498566,1,grumpybets00,3045,en,2026-08-28T00:00:41Z
2026-08-28T01,498566,2,synare35,2174,en,2026-08-27T09:45:32Z
2026-08-28T01,498566,3,hojuxohip,2169,pt,2026-08-27T09:45:33Z
2026-08-28T01,674491029,1,barbarousking,2837,en,2026-08-27T23:04:20Z
2026-08-28T01,674491029,2,strippin,2514,en,2026-08-27T15:07:00Z
2026-08-28T01,674491029,3,sacriel,917,en,2026-08-27T16:04:44Z
2026-08-28T01,509672,1,funnymike,1947,en,2026-08-27T20:06:36Z
2026-08-28T01,509672,2,cooksux,1348,en,2026-08-27T20:37:46Z
2026-08-28T01,509672,3,renekreher,1172,de,2026-08-27T13:40:31Z
2026-08-28T01,1867279146,1,marlon,5926,en,2026-08-27T22:34:27Z
2026-08-28T01,1867279146,2,joblessgarrett,1279,en,2026-08-27T18:02:19Z
2026-08-28T01,1867279146,3,bobbyraygray,791,en,2026-08-27T22:54:26Z
2026-08-28T01,624536948,1,facada,7063,pt,2026-08-28T00:05:24Z
2026-08-28T01,624536948,2,drakingyt,2125,es,2026-08-28T00:10:28Z
2026-08-28T01,624536948,3,caaua,1972,pt,2026-08-27T20:53:12Z
2026-08-28T01,458353,1,moonmoon,13539,en,2026-08-27T20:02:11Z
2026-08-28T01,458353,2,dolphinchemist,1631,en,2026-08-27T23:01:54Z
2026-08-28T01,458353,3,smokaloke,404,en,2026-08-27T17:36:21Z
2026-08-28T01,499973,1,cineillojuan,2733,es,2026-08-27T22:37:14Z
2026-08-28T01,499973,2,eliasn97_vod,1104,de,2026-08-26T21:04:46Z
2026-08-28T01,499973,3,theburntpeanut_247,993,en,2026-08-26T03:52:08Z
2026-08-28T01,515025,1,warn,857,en,2026-08-27T22:30:08Z
2026-08-28T01,515025,2,vulture_ow,526,en,2026-08-27T23:39:44Z
2026-08-28T01,515025,3,joystick,372,en,2026-08-27T23:01:14Z
2026-08-28T01,512710,1,ketchup,678,es,2026-08-27T19:49:58Z
2026-08-28T01,512710,2,mightaswellbemac,675,en,2026-08-27T20:48:31Z
2026-08-28T01,512710,3,repullze,628,en,2026-08-27T19:07:11Z
2026-08-28T01,518203,1,primevideo,9830,en,2026-08-27T23:31:20Z
2026-08-28T01,518203,2,dodger_esp,601,en,2026-08-27T23:09:18Z
2026-08-28T01,518203,3,assodiroma_official,526,it,2026-08-27T22:58:41Z
2026-08-28T01,1702520304,1,guythatdies,4043,en,2026-08-27T20:46:33Z
2026-08-28T01,1702520304,2,787prada,3080,en,2026-08-27T19:00:45Z
2026-08-28T01,1702520304,3,datmodz,2805,en,2026-08-27T21:26:28Z
2026-08-28T01,509659,1,dearlyyu,1081,en,2026-08-27T22:00:32Z
2026-08-28T01,509659,2,tarakaminarito,849,en,2026-08-27T22:01:14Z
2026-08-28T01,509659,3,squishshe,625,en,2026-08-27T23:59:11Z
2026-08-28T01,493959,1,fanum,7286,en,2026-08-27T18:48:58Z
2026-08-28T01,493959,2,rootintootinlootin,210,en,2026-08-27T22:13:08Z
2026-08-28T01,493959,3,ventura,161,pt,2026-08-27T17:04:36Z
2026-08-28T01,512953,1,lilaggy,3212,en,2026-08-27T22:47:40Z
2026-08-28T01,512953,2,qttsix,2059,zh,2026-08-27T14:17:26Z
2026-08-28T01,512953,3,peeve,658,en,2026-08-27T18:29:14Z
2026-08-28T01,19619,1,rubini,895,pt,2026-08-27T22:38:45Z
2026-08-28T01,19619,2,antedeguemonn,626,pt,2026-08-26T13:54:27Z
2026-08-28T01,19619,3,tibiaemprego,527,pt,2026-08-27T22:54:42Z
2026-08-28T01,2132205352,1,surefour,1899,en,2026-08-27T22:25:24Z
2026-08-28T01,2132205352,2,eido,1524,en,2026-08-26T22:07:13Z
2026-08-28T01,2132205352,3,lomein,814,en,2026-08-27T22:06:33Z
2026-08-28T01,509660,1,dibujanding,608,es,2026-08-28T01:12:40Z
2026-08-28T01,509660,2,carmilla_png,141,en,2026-08-28T00:10:24Z
2026-08-28T01,509660,3,xanthe,141,en,2026-08-27T22:02:26Z
2026-08-28T01,27284,1,gromfalloon,2100,en,2026-08-27T22:58:53Z
2026-08-28T01,27284,2,macaw45,537,en,2026-08-28T01:02:40Z
2026-08-28T01,27284,3,yunalescka,241,en,2026-08-27T20:50:04Z
2026-08-28T01,66170,1,ladytheladdy,5470,en,2026-08-27T19:00:21Z
2026-08-28T01,66170,2,professorlih,330,pt,2026-08-27T22:00:52Z
2026-08-28T01,66170,3,senatordongo,160,en,2026-08-27T22:41:59Z
2026-08-28T01,2012789438,1,shotzzy,2294,en,2026-08-28T00:39:59Z
2026-08-28T01,2012789438,2,formal,1308,en,2026-08-28T00:39:59Z
2026-08-28T01,2012789438,3,methodz,563,en,2026-08-28T00:39:59Z
2026-08-28T01,509663,1,xthesolutiontv,3817,de,2026-08-27T16:36:01Z
2026-08-28T01,509663,2,chrismelberger,948,en,2026-08-27T19:54:59Z
2026-08-28T01,509663,3,asthereus,547,en,2026-08-27T22:40:09Z
2026-08-28T01,30921,1,kaydop,2336,fr,2026-08-27T21:18:52Z
2026-08-28T01,30921,2,chiefbeef_rl,449,en,2026-08-27T20:59:37Z
2026-08-28T01,30921,3,garrettg,398,en,2026-08-27T21:07:39Z
2026-08-28T01,65876,1,jltomy,6679,fr,2026-08-27T17:59:43Z
2026-08-28T01,65876,2,saoriv,167,en,2026-08-27T16:35:50Z
2026-08-28T01,65876,3,elotrix_247,69,de,2026-08-27T20:32:03Z
2026-08-28T01,138585,1,beterbabbit,1737,en,2026-08-27T16:20:14Z
2026-08-28T01,138585,2,xqn_thesad,1366,en,2026-08-27T13:25:20Z
2026-08-28T01,138585,3,ness,548,pt,2026-08-27T21:15:59Z
2026-08-28T01,1081998272,1,arielle,1947,en,2026-08-27T21:15:43Z
2026-08-28T01,1081998272,2,peegtv,706,en,2026-08-27T17:40:46Z
2026-08-28T01,1081998272,3,jojothamofo,247,en,2026-08-27T17:59:13Z
2026-08-28T01,1119642287,1,joshuaschmidtygo,2907,en,2026-08-27T23:36:13Z
2026-08-28T01,1119642287,2,seereax,1018,en,2026-08-28T00:10:05Z
2026-08-28T01,1119642287,3,mrlo_tw,741,zh,2026-08-27T23:15:48Z
2026-08-28T01,386821,1,divios,1093,en,2026-08-27T15:28:56Z
2026-08-28T01,386821,2,trollzinha,430,pt,2026-08-27T17:00:09Z
2026-08-28T01,386821,3,goldsteinburg,349,en,2026-08-27T21:56:02Z
2026-08-28T01,24241,1,vulpixie,586,en,2026-08-27T17:00:58Z
2026-08-28T01,24241,2,afrosenju,503,en,2026-08-27T22:24:29Z
2026-08-28T01,24241,3,midnababy,237,en,2026-08-27T22:48:46Z
2026-08-28T01,459931,1,mr_mammal,845,en,2026-08-27T19:06:24Z
2026-08-28T01,459931,2,purpp,737,en,2026-08-28T00:52:02Z
2026-08-28T01,459931,3,sardaco,718,en,2026-08-27T17:00:46Z
2026-08-28T01,1669431183,1,pyka,986,en,2026-08-27T23:44:01Z
2026-08-28T01,1669431183,2,danceteriarewind,789,en,2026-08-27T23:30:10Z
2026-08-28T01,1669431183,3,lanadj,455,en,2026-08-27T21:53:21Z
2026-08-28T01,263490,1,oilrats,2061,en,2026-08-27T13:47:38Z
2026-08-28T01,263490,2,yufuna,1060,ja,2026-08-27T22:20:20Z
2026-08-28T01,263490,3,iriskpvp,210,en,2026-08-27T20:58:36Z
2026-08-28T01,26936,1,windowlightfm,338,en,2026-08-27T16:09:54Z
2026-08-28T01,26936,2,lofigirl,220,en,2026-08-27T07:20:05Z
2026-08-28T01,26936,3,radiosurprise,188,de,2026-08-27T18:37:34Z
2026-08-28T01,493057,1,hollywoodbob,794,en,2026-08-27T18:56:57Z
2026-08-28T01,493057,2,julien,766,en,2026-08-28T00:17:25Z
2026-08-28T01,493057,3,sparking_,462,pt,2026-08-27T22:24:54Z
2026-08-28T01,464339927,1,zlaner,1662,en,2026-08-27T18:49:57Z
2026-08-28T01,464339927,2,lyesval,393,en,2026-08-27T21:44:51Z
2026-08-28T01,464339927,3,samejoey,299,en,2026-08-27T05:45:38Z
2026-08-28T01,670138298,1,itsmoshimadden,781,en,2026-08-27T15:32:13Z
2026-08-28T01,670138298,2,problemwright,735,en,2026-08-27T22:03:35Z
2026-08-28T01,670138298,3,akaelectro,423,en,2026-08-27T21:18:48Z
2026-08-28T01,499003,1,itskxtlyn,1762,en,2026-08-28T00:48:52Z
2026-08-28T01,499003,2,murdercrumpet,937,en,2026-08-27T20:58:35Z
2026-08-28T01,499003,3,moonbuvr,613,en,2026-08-28T00:12:12Z
2026-08-28T01,23020,1,clout,693,en,2026-08-27T03:55:31Z
2026-08-28T01,23020,2,morabit0,104,pt,2026-08-27T22:54:06Z
2026-08-28T01,23020,3,xander95720,98,es,2026-08-28T00:49:14Z
2026-08-28T01,1832841853,1,rakanoolive,793,ar,2026-08-27T21:01:36Z
2026-08-28T01,1832841853,2,pixienaut,462,de,2026-08-28T00:20:24Z
2026-08-28T01,1832841853,3,dub_ok_tv,329,ru,2026-08-27T21:11:49Z
2026-08-28T01,29452,1,burgaofps,1551,pt,2026-08-27T22:31:54Z
2026-08-28T01,29452,2,gzk_tips,554,pt,2026-08-27T21:58:05Z
2026-08-28T01,29452,3,tecnosh,413,pt,2026-08-28T00:43:15Z
2026-08-28T01,1036710512,1,mikami_kon,2076,ja,2026-08-27T18:09:06Z
2026-08-28T01,1036710512,2,koragi_ch,321,en,2026-08-27T23:50:26Z
2026-08-28T01,1036710512,3,shesdarling,122,en,2026-08-27T21:55:35Z
2026-08-28T01,31339,1,disnof,638,en,2026-08-27T18:26:31Z
2026-08-28T01,31339,2,gaules,411,pt,2026-08-27T17:29:33Z
2026-08-28T01,31339,3,condejorge,393,es,2026-08-27T21:35:59Z
2026-08-28T01,1478650472,1,zoomaa,4257,en,2026-08-27T19:06:20Z
2026-08-28T01,1478650472,2,youtubezdawg,264,en,2026-08-27T21:38:26Z
2026-08-28T01,1478650472,3,astrox031,140,pt,2026-08-28T00:43:47Z
2026-08-28T01,504463,1,nothingbutskillz,2012,en,2026-08-27T13:18:13Z
2026-08-28T01,504463,2,streamerhouse,772,en,2026-08-26T22:18:35Z
2026-08-28T01,504463,3,gcrock6,722,en,2026-08-27T10:49:59Z
2026-08-28T01,499634,1,dvces,1495,en,2026-08-27T13:11:41Z
2026-08-28T01,499634,2,threadguywren,1109,en,2026-08-28T00:54:59Z
2026-08-28T01,499634,3,schoen_xyz,464,en,2026-08-27T18:50:02Z
2026-08-28T01,13332,1,powaslap,721,en,2026-08-27T21:13:41Z
2026-08-28T01,13332,2,gunnermaniac,637,en,2026-08-27T17:40:11Z
2026-08-28T01,13332,3,lightorias,502,en,2026-08-27T23:46:49Z
2026-08-28T01,498592,1,kawa1sheep,990,zh,2026-08-27T13:05:30Z
2026-08-28T01,498592,2,kunshikitty,677,de,2026-08-26T05:52:28Z
2026-08-28T01,498592,3,exsl95,447,de,2026-08-26T13:22:47Z
2026-08-28T01,1441208453,1,firedragon_95,876,en,2026-08-27T23:17:47Z
2026-08-28T01,1441208453,2,senevades,374,en,2026-08-27T18:00:47Z
2026-08-28T01,1441208453,3,galinhodoido,193,en,2026-08-26T20:12:27Z
2026-08-28T01,416015,1,h2p_gucio,2119,pl,2026-08-27T17:29:00Z
2026-08-28T01,416015,2,mistersleepycat,827,en,2026-08-27T23:09:18Z
2026-08-28T01,416015,3,ruetoo,474,en,2026-08-27T15:27:58Z
2026-08-28T01,66082,1,guit88man,1181,ru,2026-08-27T18:11:05Z
2026-08-28T01,66082,2,sharkie,303,en,2026-08-27T02:48:20Z
2026-08-28T01,66082,3,standingwaltz,212,fr,2026-08-27T23:33:47Z
2026-08-28T01,513181,1,fobm4ster,2221,en,2026-08-27T22:30:21Z
2026-08-28T01,513181,2,chawndo,461,en,2026-08-27T21:09:59Z
2026-08-28T01,513181,3,limbosauce,275,en,2026-08-28T00:01:55Z
2026-08-28T01,65632,1,smoke,980,en,2026-08-28T00:54:37Z
2026-08-28T01,65632,2,laxhawthorn007,543,en,2026-08-27T22:35:00Z
2026-08-28T01,65632,3,eiriish,341,en,2026-08-27T20:58:47Z
2026-08-28T01,417752,1,shroudedgaming,2220,en,2026-08-27T18:44:59Z
2026-08-28T01,417752,2,realinfowars,132,en,2026-08-27T23:57:34Z
2026-08-28T01,417752,3,dcp_live,108,en,2026-08-28T01:10:35Z
2026-08-28T01,417528,1,murloka,493,en,2026-08-27T21:49:28Z
2026-08-28T01,417528,2,feeckz,478,es,2026-08-27T20:50:58Z
2026-08-28T01,417528,3,africaalbion,456,pt,2026-08-27T23:21:38Z
2026-08-28T01,168648543,1,zwebackhd,930,en,2026-08-27T22:13:00Z
2026-08-28T01,168648543,2,low4n,374,fr,2026-08-27T21:23:48Z
2026-08-28T01,168648543,3,pace22,197,en,2026-08-27T21:14:57Z
2026-08-28T01,18893,1,calebhart42,1169,en,2026-08-28T00:09:31Z
2026-08-28T01,18893,2,outerheaven,588,en,2026-08-27T23:48:22Z
2026-08-28T01,18893,3,sekine,493,en,2026-08-27T22:47:36Z
2026-08-28T01,272263131,1,alveussanctuary,967,en,2026-08-27T13:06:42Z
2026-08-28T01,272263131,2,ferretsoftware,344,en,2026-08-26T18:17:51Z
2026-08-28T01,272263131,3,marinemammalrescue,246,en,2026-08-27T23:21:49Z
2026-08-28T01,982017546,1,jupieverse,1591,en,2026-08-27T17:26:25Z
2026-08-28T01,982017546,2,bongchue,185,en,2026-08-27T18:05:41Z
2026-08-28T01,982017546,3,kerritcake,140,en,2026-08-27T22:51:00Z
2026-08-28T01,12839,1,voodoosh,2716,ru,2026-08-27T21:46:47Z
2026-08-28T01,12839,2,zherarrr,706,ru,2026-08-27T20:17:46Z
2026-08-28T01,12839,3,akastinger,338,ru,2026-08-27T17:58:07Z
2026-08-28T01,339050343,1,henyathegenius,3454,en,2026-08-27T22:49:09Z
2026-08-28T01,339050343,2,daihan,108,ru,2026-08-27T19:10:37Z
2026-08-28T01,339050343,3,letsconquer,6,en,2026-08-28T00:23:45Z
2026-08-28T01,488190,1,minthon19,759,ru,2026-08-27T23:27:09Z
2026-08-28T01,488190,2,ignition_oficial,321,pt,2026-08-27T22:06:48Z
2026-08-28T01,488190,3,apestylespoker,284,en,2026-08-27T23:08:03Z
2026-08-28T01,500188,1,neenoh,371,en,2026-08-27T21:39:16Z
2026-08-28T01,500188,2,khalamity,325,en,2026-08-27T22:34:10Z
2026-08-28T01,500188,3,sprooky,295,en,2026-08-28T00:05:04Z
2026-08-28T01,27546,1,rysiek,1035,pl,2026-08-27T21:40:20Z
2026-08-28T01,27546,2,german_intelligence,703,en,2026-08-27T21:07:22Z
2026-08-28T01,27546,3,o_p_hacker,480,en,2026-08-27T21:40:26Z
2026-08-28T01,1910103699,1,yznsa,1851,ar,2026-08-27T23:13:51Z
2026-08-28T01,1910103699,2,lamp,145,en,2026-08-27T21:31:01Z
2026-08-28T01,1910103699,3,giselleglezv,105,es,2026-08-27T22:46:56Z
2026-08-28T01,1253800827,1,giggand,3067,de,2026-08-27T18:17:21Z
2026-08-28T01,1253800827,2,its_y0u_kn0w,8,en,2026-08-27T23:00:18Z
2026-08-28T01,1253800827,3,greyshadowwolf,3,en,2026-08-27T23:00:01Z
2026-08-28T01,55453844,1,nemo_good,911,ja,2026-08-27T23:13:35Z
2026-08-28T01,55453844,2,zainnaghmi,320,en,2026-08-27T21:00:45Z
2026-08-28T01,55453844,3,ryoran,306,pt,2026-08-27T23:44:20Z
2026-08-28T01,15229,1,radaxt,2555,pt,2026-08-27T18:36:35Z
2026-08-28T01,15229,2,mimilulu23,145,pt,2026-08-27T22:18:05Z
2026-08-28T01,15229,3,cabanadosentinela,42,pt,2026-08-27T23:00:09Z
2026-08-28T01,676802825,1,callmecarsonlive,304,en,2026-08-27T21:37:25Z
2026-08-28T01,676802825,2,enderempress,143,en,2026-08-27T23:55:33Z
2026-08-28T01,676802825,3,dish,134,en,2026-08-28T00:07:58Z
2026-08-28T01,1494,1,gen_x_gamer79,102,en,2026-08-28T00:05:09Z
2026-08-28T01,1494,2,deakywz,54,en,2026-08-27T22:38:38Z
2026-08-28T01,1494,3,piinky424,29,en,2026-08-27T23:40:21Z
2026-08-28T01,490655,1,badgeforbadge,486,en,2026-08-27T19:06:34Z
2026-08-28T01,490655,2,hoshiri13,476,en,2026-08-27T13:10:15Z
2026-08-28T01,490655,3,ofuris,381,en,2026-08-27T03:51:41Z
2026-08-28T01,518184,1,twigbot_,294,en,2026-08-27T22:06:28Z
2026-08-28T01,518184,2,bimbam_gaming,256,en,2026-08-27T22:57:42Z
2026-08-28T01,518184,3,mofu_aki,112,ja,2026-08-27T17:40:01Z
2026-08-28T01,21465,1,mrekk,1734,en,2026-08-28T00:07:18Z
2026-08-28T01,21465,2,sardoche,499,fr,2026-08-27T18:42:07Z
2026-08-28T01,21465,3,koifishu,150,en,2026-08-26T23:28:40Z
2026-08-28T01,540132929,1,vargskelethor,2726,en,2026-08-28T00:03:48Z
2026-08-28T01,852009328,1,clovaobengala,472,pt,2026-08-27T21:43:25Z
2026-08-28T01,852009328,2,firebox720,241,en,2026-08-27T19:09:20Z
2026-08-28T01,852009328,3,enzotps,226,en,2026-08-27T17:33:54Z
2026-08-28T01,1763844707,1,distortion2,1638,en,2026-08-27T17:00:30Z
2026-08-28T01,1763844707,2,tobiasfate,181,en,2026-08-27T19:05:15Z
2026-08-28T01,1763844707,3,raptorraptoria,98,en,2026-08-27T21:44:51Z
2026-08-28T01,1846293708,1,whatifjulia,680,en,2026-08-27T23:31:43Z
2026-08-28T01,1846293708,2,amandaspeaks,597,en,2026-08-27T22:25:20Z
2026-08-28T01,1846293708,3,archit3ct,106,en,2026-08-27T22:13:18Z
2026-08-28T01,401587136,1,bakedjake,350,en,2026-08-27T22:17:52Z
2026-08-28T01,401587136,2,mozgoejka,348,ru,2026-08-27T21:13:35Z
2026-08-28T01,401587136,3,trakassinn,179,es,2026-08-27T19:08:32Z
2026-08-28T01,509511,1,sandyjackson,327,de,2026-08-27T20:55:33Z
2026-08-28T01,509511,2,raysfire,248,en,2026-08-28T00:48:40Z
2026-08-28T01,509511,3,sportscastsquad,192,en,2026-08-27T22:11:23Z
2026-08-28T01,1282866981,1,poach,410,en,2026-08-27T17:37:50Z
2026-08-28T01,1282866981,2,equalplays,230,en,2026-08-27T22:04:56Z
2026-08-28T01,1282866981,3,winghaven,212,es,2026-08-27T22:18:05Z
2026-08-28T01,1820378900,1,rescue,816,en,2026-08-27T10:16:24Z
2026-08-28T01,1820378900,2,shanks_lol1,475,pt,2026-08-27T23:02:04Z
2026-08-28T01,1820378900,3,albyaround,342,en,2026-08-27T19:33:13Z
2026-08-28T01,512923,1,patopapao,499,pt,2026-08-27T21:20:15Z
2026-08-28T01,512923,2,helheim_lynx,295,en,2026-08-28T01:04:51Z
2026-08-28T01,512923,3,danidammit,92,en,2026-08-27T16:49:58Z
2026-08-28T01,1832641890,1,robertsportmas,500,es,2026-08-27T22:58:18Z
2026-08-28T01,1832641890,2,ryue_domi,435,es,2026-08-27T22:34:41Z
2026-08-28T01,1832641890,3,yourfriendkyle,422,en,2026-08-28T00:43:51Z
