snapshot_hour_utc,game_id,viewers_top100,channels_top100,truncated,share_top1,share_top10,n_languages
2026-08-28T01,509658,312810,92,False,0.0933,0.6126,9
2026-08-28T01,1898040946,66912,100,True,0.554,0.947,10
2026-08-28T01,21779,42406,99,False,0.129,0.6276,10
2026-08-28T01,32982,35216,96,False,0.1111,0.4251,9
2026-08-28T01,18122,47009,98,False,0.2899,0.7504,6
2026-08-28T01,491487,36709,96,False,0.5515,0.7653,9
2026-08-28T01,32399,47984,97,False,0.4218,0.7417,10
2026-08-28T01,491931,47015,100,True,0.7411,0.8679,11
2026-08-28T01,27471,35731,94,False,0.1149,0.6108,6
2026-08-28T01,33214,22588,98,False,0.2652,0.6121,8
2026-08-28T01,460630,35816,100,True,0.8137,0.9516,9
2026-08-28T01,516575,22653,99,False,0.1825,0.5703,9
2026-08-28T01,570615518,33192,98,False,0.7812,0.9054,10
2026-08-28T01,602040818,20853,99,False,0.1558,0.4973,3
2026-08-28T01,513143,27954,100,True,0.3139,0.7846,11
2026-08-28T01,1730141938,29024,1,False,1.0,1.0,1
2026-08-28T01,511224,21340,100,True,0.3962,0.7625,8
2026-08-28T01,1264310518,15984,94,False,0.1689,0.6074,3
2026-08-28T01,29595,21391,99,False,0.1919,0.6602,7
2026-08-28T01,498566,20586,80,False,0.1479,0.6432,8
2026-08-28T01,674491029,16265,99,False,0.1744,0.6629,7
2026-08-28T01,509672,16024,99,False,0.1215,0.5227,11
2026-08-28T01,1867279146,15792,95,False,0.3753,0.7426,10
2026-08-28T01,624536948,14963,100,True,0.472,0.8755,8
2026-08-28T01,458353,15773,31,False,0.8584,0.9964,4
2026-08-28T01,499973,14209,99,False,0.1923,0.5749,5
2026-08-28T01,515025,7262,100,True,0.118,0.425,8
2026-08-28T01,512710,9101,99,False,0.0745,0.485,7
2026-08-28T01,518203,13399,97,False,0.7336,0.9518,8
2026-08-28T01,1702520304,12827,96,False,0.3152,0.9012,10
2026-08-28T01,509659,11514,100,True,0.0939,0.5361,7
2026-08-28T01,493959,9526,97,False,0.7649,0.8633,6
2026-08-28T01,512953,9393,97,False,0.342,0.8191,8
2026-08-28T01,19619,8043,99,False,0.1113,0.4359,3
2026-08-28T01,2132205352,8773,100,True,0.2165,0.7558,5
2026-08-28T01,509660,5583,100,True,0.1089,0.3109,8
2026-08-28T01,27284,7769,100,True,0.2703,0.5328,6
2026-08-28T01,66170,7855,100,True,0.6964,0.833,4
2026-08-28T01,2012789438,7276,98,False,0.3153,0.7606,6
2026-08-28T01,509663,8170,99,False,0.4672,0.792,6
2026-08-28T01,30921,5768,99,False,0.405,0.6985,7
2026-08-28T01,65876,7412,97,False,0.9011,0.9537,7
2026-08-28T01,138585,7256,88,False,0.2394,0.8317,9
2026-08-28T01,1081998272,5166,100,True,0.3769,0.7211,8
2026-08-28T01,1119642287,6999,100,True,0.4153,0.905,8
2026-08-28T01,386821,6333,100,True,0.1726,0.5402,10
2026-08-28T01,24241,4840,100,True,0.1211,0.4981,6
2026-08-28T01,459931,6326,100,True,0.1336,0.6535,3
2026-08-28T01,1669431183,6197,99,False,0.1591,0.5265,5
2026-08-28T01,263490,6148,99,False,0.3352,0.7022,10
2026-08-28T01,26936,4324,97,False,0.0782,0.3915,8
2026-08-28T01,493057,5323,99,False,0.1492,0.6012,8
2026-08-28T01,464339927,4767,95,False,0.3486,0.6694,9
2026-08-28T01,670138298,4851,89,False,0.161,0.7205,2
2026-08-28T01,499003,5882,99,False,0.2996,0.7312,4
2026-08-28T01,23020,2828,100,True,0.245,0.4675,6
2026-08-28T01,1832841853,5025,97,False,0.1578,0.5825,10
2026-08-28T01,29452,5513,28,False,0.2813,0.8052,3
2026-08-28T01,1036710512,4193,97,False,0.4951,0.7174,9
2026-08-28T01,31339,4732,99,False,0.1348,0.548,7
2026-08-28T01,1478650472,5273,100,True,0.8073,0.948,6
2026-08-28T01,504463,5122,99,False,0.3928,0.8366,8
2026-08-28T01,499634,5170,100,True,0.2892,0.8232,6
2026-08-28T01,13332,5121,98,False,0.1408,0.7079,4
2026-08-28T01,498592,4991,100,True,0.1984,0.684,14
2026-08-28T01,1441208453,3644,100,True,0.2404,0.5853,8
2026-08-28T01,416015,4738,77,False,0.4472,0.8611,10
2026-08-28T01,66082,3765,98,False,0.3137,0.6813,9
2026-08-28T01,513181,4201,99,False,0.5287,0.7781,8
2026-08-28T01,65632,4134,96,False,0.2371,0.7569,8
2026-08-28T01,417752,3879,99,False,0.5723,0.76,8
2026-08-28T01,417528,3917,100,True,0.1259,0.6607,9
2026-08-28T01,168648543,3397,100,True,0.2738,0.7174,9
2026-08-28T01,18893,3872,100,True,0.3019,0.829,5
2026-08-28T01,272263131,3724,100,True,0.2597,0.6802,4
2026-08-28T01,982017546,3871,100,True,0.411,0.6404,6
2026-08-28T01,12839,3845,8,False,0.7064,1.0,2
2026-08-28T01,339050343,3576,7,False,0.9659,1.0,4
2026-08-28T01,488190,3335,75,False,0.2276,0.6894,4
2026-08-28T01,500188,2919,99,False,0.1271,0.5612,5
2026-08-28T01,27546,3116,79,False,0.3322,0.8485,13
2026-08-28T01,1910103699,3004,100,True,0.6162,0.7986,6
2026-08-28T01,1253800827,3094,17,False,0.9913,0.9984,5
2026-08-28T01,55453844,3083,100,True,0.2955,0.7519,6
2026-08-28T01,15229,2914,30,False,0.8768,0.978,8
2026-08-28T01,676802825,2319,100,True,0.1311,0.4567,3
2026-08-28T01,1494,777,99,False,0.1313,0.3732,4
2026-08-28T01,490655,2821,40,False,0.1723,0.8387,5
2026-08-28T01,518184,2172,100,True,0.1354,0.5239,9
2026-08-28T01,21465,2774,99,False,0.6251,0.9142,13
2026-08-28T01,540132929,2726,1,False,1.0,1.0,1
2026-08-28T01,852009328,2624,100,True,0.1799,0.6341,10
2026-08-28T01,1763844707,2656,100,True,0.6167,0.8174,5
2026-08-28T01,1846293708,2636,100,True,0.258,0.6646,3
2026-08-28T01,401587136,2442,100,True,0.1433,0.5766,9
2026-08-28T01,509511,2390,92,False,0.1368,0.5921,4
2026-08-28T01,1282866981,2283,100,True,0.1796,0.5966,12
2026-08-28T01,1820378900,2294,99,False,0.3557,0.8557,8
2026-08-28T01,512923,2085,99,False,0.2393,0.5717,6
2026-08-28T01,1832641890,2289,100,True,0.2184,0.8165,2
