snapshot_hour_utc,game_id,position,user_login,viewer_count,language,started_at
2026-08-28T01,1730141938,1,lvcaoabelha,29024,pt,2026-08-28T00:41:05Z
2026-08-28T01,1820378900,1,rescue,816,en,2026-08-27T10:16:24Z
2026-08-28T01,1820378900,2,shanks_lol1,475,pt,2026-08-27T23:02:04Z
2026-08-28T01,1820378900,3,albyaround,342,en,2026-08-27T19:33:13Z
2026-08-28T01,1763844707,1,distortion2,1646,en,2026-08-27T17:00:30Z
2026-08-28T01,1763844707,2,tobiasfate,171,en,2026-08-27T19:05:15Z
2026-08-28T01,1763844707,3,raptorraptoria,97,en,2026-08-27T21:44:51Z
2026-08-28T01,1282866981,1,poach,400,en,2026-08-27T17:37:50Z
2026-08-28T01,1282866981,2,equalplays,231,en,2026-08-27T22:04:56Z
2026-08-28T01,1282866981,3,winghaven,193,es,2026-08-27T22:18:05Z
2026-08-28T01,1832641890,1,robertsportmas,471,es,2026-08-27T22:58:18Z
2026-08-28T01,1832641890,2,yourfriendkyle,403,en,2026-08-28T00:43:51Z
2026-08-28T01,1832641890,3,ryue_domi,359,es,2026-08-27T22:34:41Z
2026-08-28T01,509658,1,2xrakai,27435,en,2026-08-27T23:49:17Z
2026-08-28T01,509658,2,jasontheween,18807,en,2026-08-27T18:59:57Z
2026-08-28T01,509658,3,yourragegaming,17859,en,2026-08-27T18:43:00Z
2026-08-28T01,18122,1,maximum,14021,en,2026-08-27T16:52:03Z
2026-08-28T01,18122,2,teamliquid,13438,en,2026-08-27T06:40:55Z
2026-08-28T01,18122,3,penta,1743,en,2026-08-27T18:33:11Z
2026-08-28T01,1898040946,1,tumblurr,30396,it,2026-08-27T17:58:10Z
2026-08-28T01,1898040946,2,jerma985,9261,en,2026-08-27T22:44:32Z
2026-08-28T01,1898040946,3,vinesauce,5129,en,2026-08-27T22:51:54Z
2026-08-28T01,32982,1,officermesser,4119,en,2026-08-27T22:53:17Z
2026-08-28T01,32982,2,teegrizzley,3037,en,2026-08-27T18:47:20Z
2026-08-28T01,32982,3,aenot,2134,fr,2026-08-27T17:33:29Z
2026-08-28T01,491931,1,theburntpeanut,37841,en,2026-08-28T00:10:51Z
2026-08-28T01,491931,2,stankrat,1014,en,2026-08-27T22:38:57Z
2026-08-28T01,491931,3,heyyouvideogame,980,en,2026-08-28T00:43:00Z
2026-08-28T01,21779,1,loltyler1,6029,en,2026-08-27T20:09:59Z
2026-08-28T01,21779,2,doublelift,3962,en,2026-08-27T20:49:56Z
2026-08-28T01,21779,3,nissaxter,3336,es,2026-08-27T21:32:01Z
2026-08-28T01,27471,1,valkyrae,4463,en,2026-08-27T19:31:31Z
2026-08-28T01,27471,2,fuslie,3928,en,2026-08-27T19:24:19Z
2026-08-28T01,27471,3,foolish,2120,en,2026-08-27T20:53:34Z
2026-08-28T01,33214,1,faxuty,6108,en,2026-08-27T22:14:28Z
2026-08-28T01,33214,2,aussieantics,3783,en,2026-08-27T21:39:55Z
2026-08-28T01,33214,3,gorilon,1818,es,2026-08-28T01:12:38Z
2026-08-28T01,602040818,1,luuhliq,3316,en,2026-08-28T01:10:46Z
2026-08-28T01,602040818,2,joeknowsyt,3120,en,2026-08-27T21:08:45Z
2026-08-28T01,602040818,3,rayasianboy,1761,en,2026-08-27T21:49:58Z
2026-08-28T01,32399,1,strogo,8322,ru,2026-08-27T20:05:45Z
2026-08-28T01,32399,2,summit1g,3159,en,2026-08-28T01:11:17Z
2026-08-28T01,32399,3,oruipinto,1301,pt,2026-08-27T19:59:57Z
2026-08-28T01,516575,1,johnqtcs,3232,en,2026-08-27T23:02:29Z
2026-08-28T01,516575,2,xarola_,1972,pt,2026-08-27T20:41:09Z
2026-08-28T01,516575,3,melhssn_,1484,fr,2026-08-27T21:25:20Z
2026-08-28T01,570615518,1,zackrawrr,24995,en,2026-08-27T18:07:51Z
2026-08-28T01,570615518,2,dizzykitten,1390,en,2026-08-27T23:04:28Z
2026-08-28T01,570615518,3,streamdatabase,1101,en,2026-08-26T17:52:13Z
2026-08-28T01,491487,1,facuuparejas,1623,es,2026-08-27T21:14:49Z
2026-08-28T01,491487,2,ohtofu,1335,en,2026-08-27T22:21:52Z
2026-08-28T01,491487,3,sabrinoca,882,pt,2026-08-28T00:09:32Z
2026-08-28T01,30921,1,xqc,23437,en,2026-08-27T17:47:50Z
2026-08-28T01,30921,2,kaydop,2172,fr,2026-08-27T21:18:52Z
2026-08-28T01,30921,3,redify,549,en,2026-08-28T00:54:05Z
2026-08-28T01,513143,1,k3soju,8275,en,2026-08-27T14:01:33Z
2026-08-28T01,513143,2,gotaga,3720,fr,2026-08-27T17:24:37Z
2026-08-28T01,513143,3,boxbox,2393,en,2026-08-27T23:44:03Z
2026-08-28T01,511224,1,imperialhal__,8522,en,2026-08-27T20:58:06Z
2026-08-28T01,511224,2,nicewigg,4488,en,2026-08-27T21:56:41Z
2026-08-28T01,511224,3,sweetdreams,1439,en,2026-08-27T21:00:15Z
2026-08-28T01,1264310518,1,kingsman265_twitch,2234,en,2026-08-28T00:08:50Z
2026-08-28T01,1264310518,2,aramori,903,en,2026-08-27T21:32:08Z
2026-08-28T01,1264310518,3,lythero,862,en,2026-08-27T23:00:35Z
2026-08-28T01,29595,1,mellstroy,4006,ru,2026-08-27T22:54:44Z
2026-08-28T01,29595,2,judah_xx,2785,en,2026-08-27T21:10:26Z
2026-08-28T01,29595,3,masondota2,2138,en,2026-08-27T21:03:24Z
2026-08-28T01,498566,1,grumpybets00,2823,en,2026-08-28T00:00:41Z
2026-08-28T01,498566,2,its_cashback,2411,en,2026-08-28T01:30:31Z
2026-08-28T01,498566,3,synare35,2164,en,2026-08-27T09:45:32Z
2026-08-28T01,674491029,1,barbarousking,2800,en,2026-08-27T23:04:20Z
2026-08-28T01,674491029,2,strippin,2486,en,2026-08-27T15:07:00Z
2026-08-28T01,674491029,3,fairlight_excalibur,981,en,2026-08-28T00:31:02Z
2026-08-28T01,509672,1,tylil,2746,en,2026-08-28T01:11:39Z
2026-08-28T01,509672,2,funnymike,1535,en,2026-08-27T20:06:36Z
2026-08-28T01,509672,3,cooksux,1345,en,2026-08-27T20:37:46Z
2026-08-28T01,458353,1,moonmoon,13957,en,2026-08-27T20:02:11Z
2026-08-28T01,458353,2,dolphinchemist,1763,en,2026-08-27T23:01:54Z
2026-08-28T01,458353,3,smokaloke,436,en,2026-08-27T17:36:21Z
2026-08-28T01,624536948,1,facada,8463,pt,2026-08-28T00:05:24Z
2026-08-28T01,624536948,2,caaua,1950,pt,2026-08-27T20:53:12Z
2026-08-28T01,624536948,3,drakingyt,1687,es,2026-08-28T00:10:28Z
2026-08-28T01,499973,1,cineillojuan,2490,es,2026-08-27T22:37:14Z
2026-08-28T01,499973,2,theburntpeanut_247,1004,en,2026-08-26T03:52:08Z
2026-08-28T01,499973,3,eliasn97_vod,970,de,2026-08-26T21:04:46Z
2026-08-28T01,515025,1,warn,950,en,2026-08-27T22:30:08Z
2026-08-28T01,515025,2,vulture_ow,559,en,2026-08-27T23:39:44Z
2026-08-28T01,515025,3,joystick,377,en,2026-08-27T23:01:14Z
2026-08-28T01,512710,1,ketchup,669,es,2026-08-27T19:49:58Z
2026-08-28T01,512710,2,dongy,504,en,2026-08-27T19:22:38Z
2026-08-28T01,512710,3,nexzou,499,en,2026-08-28T01:03:37Z
2026-08-28T01,1702520304,1,guythatdies,4504,en,2026-08-27T20:46:33Z
2026-08-28T01,1702520304,2,787prada,3135,en,2026-08-27T19:00:45Z
2026-08-28T01,1702520304,3,datmodz,2842,en,2026-08-27T21:26:28Z
2026-08-28T01,518203,1,primevideo,8988,en,2026-08-27T23:31:20Z
2026-08-28T01,518203,2,betboomtennis,567,ru,2026-08-27T21:01:16Z
2026-08-28T01,518203,3,assodiroma_official,469,it,2026-08-27T22:58:41Z
2026-08-28T01,509659,1,besa,1078,en,2026-08-27T21:37:41Z
2026-08-28T01,509659,2,tarakaminarito,931,en,2026-08-27T22:01:14Z
2026-08-28T01,509659,3,kyouasmr,712,en,2026-08-28T00:29:51Z
2026-08-28T01,1867279146,1,joblessgarrett,1247,en,2026-08-27T18:02:19Z
2026-08-28T01,1867279146,2,tealzlol,1118,pt,2026-08-27T23:26:02Z
2026-08-28T01,1867279146,3,bobbyraygray,812,en,2026-08-27T22:54:26Z
2026-08-28T01,512953,1,lilaggy,3008,en,2026-08-27T22:47:40Z
2026-08-28T01,512953,2,qttsix,2148,zh,2026-08-27T14:17:26Z
2026-08-28T01,512953,3,peeve,676,en,2026-08-27T18:29:14Z
2026-08-28T01,19619,1,rubini,985,pt,2026-08-27T22:38:45Z
2026-08-28T01,19619,2,tibiaemprego,615,pt,2026-08-27T22:54:42Z
2026-08-28T01,19619,3,antedeguemonn,567,pt,2026-08-26T13:54:27Z
2026-08-28T01,493959,1,fanum,6787,en,2026-08-27T18:48:58Z
2026-08-28T01,493959,2,ventura,189,pt,2026-08-27T17:04:36Z
2026-08-28T01,493959,3,emiru247,176,en,2026-08-27T17:57:18Z
2026-08-28T01,27284,1,gromfalloon,2200,en,2026-08-27T22:58:53Z
2026-08-28T01,27284,2,macaw45,843,en,2026-08-28T01:02:40Z
2026-08-28T01,27284,3,yunalescka,235,en,2026-08-27T20:50:04Z
2026-08-28T01,460630,1,mingo,1932,en,2026-08-27T17:58:04Z
2026-08-28T01,460630,2,beaulo,778,en,2026-08-27T21:11:01Z
2026-08-28T01,460630,3,psypho,597,en,2026-08-27T21:34:13Z
2026-08-28T01,509660,1,dibujanding,442,es,2026-08-28T01:12:40Z
2026-08-28T01,509660,2,trailboundsketches,350,en,2026-08-28T01:23:47Z
2026-08-28T01,509660,3,carmilla_png,147,en,2026-08-28T00:10:24Z
2026-08-28T01,2132205352,1,surefour,1987,en,2026-08-27T22:25:24Z
2026-08-28T01,2132205352,2,eido,1180,en,2026-08-26T22:07:13Z
2026-08-28T01,2132205352,3,lomein,693,en,2026-08-27T22:06:33Z
2026-08-28T01,2012789438,1,shotzzy,1956,en,2026-08-28T00:39:59Z
2026-08-28T01,2012789438,2,formal,1237,en,2026-08-28T00:39:59Z
2026-08-28T01,2012789438,3,methodz,543,en,2026-08-28T00:39:59Z
2026-08-28T01,509663,1,xthesolutiontv,3273,de,2026-08-27T16:36:01Z
2026-08-28T01,509663,2,chrismelberger,987,en,2026-08-27T19:54:59Z
2026-08-28T01,509663,3,asthereus,620,en,2026-08-27T22:40:09Z
2026-08-28T01,24241,1,vulpixie,625,en,2026-08-27T17:00:58Z
2026-08-28T01,24241,2,afrosenju,500,en,2026-08-27T22:24:29Z
2026-08-28T01,24241,3,midnababy,249,en,2026-08-27T22:48:46Z
2026-08-28T01,138585,1,beterbabbit,1630,en,2026-08-27T16:20:14Z
2026-08-28T01,138585,2,xqn_thesad,1187,en,2026-08-27T13:25:20Z
2026-08-28T01,138585,3,ness,573,pt,2026-08-27T21:15:59Z
2026-08-28T01,1119642287,1,joshuaschmidtygo,2938,en,2026-08-27T23:36:13Z
2026-08-28T01,1119642287,2,seereax,991,en,2026-08-28T00:10:05Z
2026-08-28T01,1119642287,3,mrlo_tw,767,zh,2026-08-27T23:15:48Z
2026-08-28T01,65876,1,jltomy,6145,fr,2026-08-27T17:59:43Z
2026-08-28T01,65876,2,saoriv,165,en,2026-08-27T16:35:50Z
2026-08-28T01,65876,3,elotrix_247,71,de,2026-08-27T20:32:03Z
2026-08-28T01,1669431183,1,pyka,982,en,2026-08-27T23:44:01Z
2026-08-28T01,1669431183,2,danceteriarewind,977,en,2026-08-27T23:30:10Z
2026-08-28T01,1669431183,3,lanadj,355,en,2026-08-27T21:53:21Z
2026-08-28T01,1081998272,1,arielle,2380,en,2026-08-27T21:15:43Z
2026-08-28T01,1081998272,2,peegtv,684,en,2026-08-27T17:40:46Z
2026-08-28T01,1081998272,3,jojothamofo,251,en,2026-08-27T17:59:13Z
2026-08-28T01,386821,1,divios,1132,en,2026-08-27T15:28:56Z
2026-08-28T01,386821,2,trollzinha,538,pt,2026-08-27T17:00:09Z
2026-08-28T01,386821,3,goldsteinburg,341,en,2026-08-27T21:56:02Z
2026-08-28T01,459931,1,purpp,903,en,2026-08-28T00:52:02Z
2026-08-28T01,459931,2,mr_mammal,823,en,2026-08-27T19:06:24Z
2026-08-28T01,459931,3,sardaco,808,en,2026-08-27T17:00:46Z
2026-08-28T01,66170,1,ladytheladdy,3867,en,2026-08-27T19:00:21Z
2026-08-28T01,66170,2,professorlih,306,pt,2026-08-27T22:00:52Z
2026-08-28T01,66170,3,senatordongo,165,en,2026-08-27T22:41:59Z
2026-08-28T01,26936,1,windowlightfm,336,en,2026-08-27T16:09:54Z
2026-08-28T01,26936,2,julie,241,en,2026-08-28T00:04:30Z
2026-08-28T01,26936,3,lofigirl,219,en,2026-08-27T07:20:05Z
2026-08-28T01,499003,1,itskxtlyn,1877,en,2026-08-28T00:48:52Z
2026-08-28T01,499003,2,murdercrumpet,1046,en,2026-08-27T20:58:35Z
2026-08-28T01,499003,3,moonbuvr,683,en,2026-08-28T00:12:12Z
2026-08-28T01,464339927,1,zlaner,1434,en,2026-08-27T18:49:57Z
2026-08-28T01,464339927,2,lyesval,387,en,2026-08-27T21:44:51Z
2026-08-28T01,464339927,3,samejoey,305,en,2026-08-27T05:45:38Z
2026-08-28T01,263490,1,oilrats,1899,en,2026-08-27T13:47:38Z
2026-08-28T01,263490,2,yufuna,1027,ja,2026-08-27T22:20:20Z
2026-08-28T01,263490,3,iriskpvp,208,en,2026-08-27T20:58:36Z
2026-08-28T01,23020,1,clout,683,en,2026-08-27T03:55:31Z
2026-08-28T01,23020,2,bundun,134,en,2026-08-28T00:00:58Z
2026-08-28T01,23020,3,angeltankedd,117,en,2026-08-27T23:16:55Z
2026-08-28T01,670138298,1,problemwright,766,en,2026-08-27T22:03:35Z
2026-08-28T01,670138298,2,itsmoshimadden,755,en,2026-08-27T15:32:13Z
2026-08-28T01,670138298,3,mills,355,en,2026-08-27T21:43:16Z
2026-08-28T01,1478650472,1,zoomaa,4799,en,2026-08-27T19:06:20Z
2026-08-28T01,1478650472,2,youtubezdawg,261,en,2026-08-27T21:38:26Z
2026-08-28T01,1478650472,3,astrox031,141,pt,2026-08-28T00:43:47Z
2026-08-28T01,29452,1,burgaofps,1699,pt,2026-08-27T22:31:54Z
2026-08-28T01,29452,2,gzk_tips,551,pt,2026-08-27T21:58:05Z
2026-08-28T01,29452,3,tecnosh,435,pt,2026-08-28T00:43:15Z
2026-08-28T01,13332,1,powaslap,734,en,2026-08-27T21:13:41Z
2026-08-28T01,13332,2,twitchplayspokemon,477,en,2026-08-27T19:34:12Z
2026-08-28T01,13332,3,lightorias,462,en,2026-08-27T23:46:49Z
2026-08-28T01,1036710512,1,mikami_kon,1852,ja,2026-08-27T18:09:06Z
2026-08-28T01,1036710512,2,koragi_ch,312,en,2026-08-27T23:50:26Z
2026-08-28T01,1036710512,3,shesdarling,123,en,2026-08-27T21:55:35Z
2026-08-28T01,31339,1,disnof,649,en,2026-08-27T18:26:31Z
2026-08-28T01,31339,2,gaules,414,pt,2026-08-27T17:29:33Z
2026-08-28T01,31339,3,condejorge,391,es,2026-08-27T21:35:59Z
2026-08-28T01,493057,1,julien,837,en,2026-08-28T00:17:25Z
2026-08-28T01,493057,2,sparking_,473,pt,2026-08-27T22:24:54Z
2026-08-28T01,493057,3,cyberfocus,204,ru,2026-08-28T00:54:20Z
2026-08-28T01,504463,1,nothingbutskillz,2013,en,2026-08-27T13:18:13Z
2026-08-28T01,504463,2,gcrock6,717,en,2026-08-27T10:49:59Z
2026-08-28T01,504463,3,streamerhouse,715,en,2026-08-26T22:18:35Z
2026-08-28T01,1441208453,1,firedragon_95,682,en,2026-08-27T23:17:47Z
2026-08-28T01,1441208453,2,elpina_gg,553,en,2026-08-28T01:04:35Z
2026-08-28T01,1441208453,3,senevades,375,en,2026-08-27T18:00:47Z
2026-08-28T01,498592,1,kawa1sheep,982,zh,2026-08-27T13:05:30Z
2026-08-28T01,498592,2,kunshikitty,639,de,2026-08-26T05:52:28Z
2026-08-28T01,498592,3,exsl95,405,de,2026-08-26T13:22:47Z
2026-08-28T01,1832841853,1,pixienaut,459,de,2026-08-28T00:20:24Z
2026-08-28T01,1832841853,2,dub_ok_tv,314,ru,2026-08-27T21:11:49Z
2026-08-28T01,1832841853,3,jack_fromsoft,270,de,2026-08-27T15:17:58Z
2026-08-28T01,66082,1,guit88man,1210,ru,2026-08-27T18:11:05Z
2026-08-28T01,66082,2,sharkie,392,en,2026-08-27T02:48:20Z
2026-08-28T01,66082,3,will_shand,234,en,2026-08-28T00:54:36Z
2026-08-28T01,513181,1,fobm4ster,2139,en,2026-08-27T22:30:21Z
2026-08-28T01,513181,2,chawndo,473,en,2026-08-27T21:09:59Z
2026-08-28T01,513181,3,limbosauce,290,en,2026-08-28T00:01:55Z
2026-08-28T01,499634,1,dvces,1432,en,2026-08-27T13:11:41Z
2026-08-28T01,499634,2,threadguywren,1077,en,2026-08-28T00:54:59Z
2026-08-28T01,499634,3,schoen_xyz,415,en,2026-08-27T18:50:02Z
2026-08-28T01,509511,1,shroudedgaming,2308,en,2026-08-27T18:44:59Z
2026-08-28T01,509511,2,sandyjackson,321,de,2026-08-27T20:55:33Z
2026-08-28T01,509511,3,raysfire,314,en,2026-08-28T00:48:40Z
2026-08-28T01,416015,1,h2p_gucio,1966,pl,2026-08-27T17:29:00Z
2026-08-28T01,416015,2,mistersleepycat,837,en,2026-08-27T23:09:18Z
2026-08-28T01,416015,3,ruetoo,484,en,2026-08-27T15:27:58Z
2026-08-28T01,65632,1,smoke,1321,en,2026-08-28T00:54:37Z
2026-08-28T01,65632,2,laxhawthorn007,541,en,2026-08-27T22:35:00Z
2026-08-28T01,65632,3,eiriish,312,en,2026-08-27T20:58:47Z
2026-08-28T01,339050343,1,henyathegenius,4216,en,2026-08-27T22:49:09Z
2026-08-28T01,339050343,2,daihan,114,ru,2026-08-27T19:10:37Z
2026-08-28T01,339050343,3,jayyswizzzle,42,en,2026-08-27T23:06:47Z
2026-08-28T01,417528,1,murloka,518,en,2026-08-27T21:49:28Z
2026-08-28T01,417528,2,feeckz,485,es,2026-08-27T20:50:58Z
2026-08-28T01,417528,3,africaalbion,429,pt,2026-08-27T23:21:38Z
2026-08-28T01,168648543,1,zwebackhd,874,en,2026-08-27T22:13:00Z
2026-08-28T01,168648543,2,low4n,341,fr,2026-08-27T21:23:48Z
2026-08-28T01,168648543,3,rglqq,250,en,2026-08-28T01:13:04Z
2026-08-28T01,18893,1,calebhart42,1211,en,2026-08-28T00:09:31Z
2026-08-28T01,18893,2,outerheaven,510,en,2026-08-27T23:48:22Z
2026-08-28T01,18893,3,sekine,461,en,2026-08-27T22:47:36Z
2026-08-28T01,272263131,1,alveussanctuary,964,en,2026-08-27T13:06:42Z
2026-08-28T01,272263131,2,ferretsoftware,344,en,2026-08-26T18:17:51Z
2026-08-28T01,272263131,3,marinemammalrescue,260,en,2026-08-27T23:21:49Z
2026-08-28T01,982017546,1,jupieverse,1585,en,2026-08-27T17:26:25Z
2026-08-28T01,982017546,2,bongchue,195,en,2026-08-27T18:05:41Z
2026-08-28T01,982017546,3,kerritcake,145,en,2026-08-27T22:51:00Z
2026-08-28T01,12839,1,voodoosh,2778,ru,2026-08-27T21:46:47Z
2026-08-28T01,12839,2,zherarrr,678,ru,2026-08-27T20:17:46Z
2026-08-28T01,12839,3,akastinger,332,ru,2026-08-27T17:58:07Z
2026-08-28T01,676802825,1,callmecarsonlive,318,en,2026-08-27T21:37:25Z
2026-08-28T01,676802825,2,ellyen,314,en,2026-08-27T19:12:53Z
2026-08-28T01,676802825,3,kaylieuh,172,en,2026-08-28T01:32:55Z
2026-08-28T01,509667,1,staryuuki,2131,es,2026-08-28T00:14:06Z
2026-08-28T01,509667,2,uwoslab,909,en,2026-08-27T22:20:04Z
2026-08-28T01,509667,3,beststreetfood,68,en,2026-08-26T10:04:57Z
2026-08-28T01,1910103699,1,yznsa,1877,ar,2026-08-27T23:13:51Z
2026-08-28T01,1910103699,2,uhitsreign,130,en,2026-08-28T00:07:17Z
2026-08-28T01,1910103699,3,lamp,125,en,2026-08-27T21:31:01Z
2026-08-28T01,488190,1,minthon19,749,ru,2026-08-27T23:27:09Z
2026-08-28T01,488190,2,ignition_oficial,299,pt,2026-08-27T22:06:48Z
2026-08-28T01,488190,3,apestylespoker,293,en,2026-08-27T23:08:03Z
2026-08-28T01,1494,1,dvniel_play,468,fr,2026-08-27T19:08:32Z
2026-08-28T01,1494,2,gen_x_gamer79,105,en,2026-08-28T00:05:09Z
2026-08-28T01,1494,3,deakywz,55,en,2026-08-27T22:38:38Z
2026-08-28T01,500188,1,sprooky,343,en,2026-08-28T00:05:04Z
2026-08-28T01,500188,2,khalamity,330,en,2026-08-27T22:34:10Z
2026-08-28T01,500188,3,ghouly,165,en,2026-08-27T23:29:09Z
2026-08-28T01,27546,1,rysiek,1038,pl,2026-08-27T21:40:20Z
2026-08-28T01,27546,2,german_intelligence,629,en,2026-08-27T21:07:22Z
2026-08-28T01,27546,3,o_p_hacker,495,en,2026-08-27T21:40:26Z
2026-08-28T01,1253800827,1,giggand,2911,de,2026-08-27T18:17:21Z
2026-08-28T01,1253800827,2,its_y0u_kn0w,8,en,2026-08-27T23:00:18Z
2026-08-28T01,1253800827,3,greyshadowwolf,3,en,2026-08-27T23:00:01Z
2026-08-28T01,518184,1,twigbot_,291,en,2026-08-27T22:06:28Z
2026-08-28T01,518184,2,bimbam_gaming,262,en,2026-08-27T22:57:42Z
2026-08-28T01,518184,3,cooperscharms,139,en,2026-08-28T01:00:06Z
2026-08-28T01,490655,1,hoshiri13,582,en,2026-08-27T13:10:15Z
2026-08-28T01,490655,2,badgeforbadge,498,en,2026-08-27T19:06:34Z
2026-08-28T01,490655,3,ofuris,399,en,2026-08-27T03:51:41Z
2026-08-28T01,55453844,1,nemo_good,927,ja,2026-08-27T23:13:35Z
2026-08-28T01,55453844,2,zainnaghmi,298,en,2026-08-27T21:00:45Z
2026-08-28T01,55453844,3,nychrisg,156,en,2026-08-27T19:31:00Z
2026-08-28T01,540132929,1,vargskelethor,2824,en,2026-08-28T00:03:48Z
2026-08-28T01,852009328,1,clovaobengala,467,pt,2026-08-27T21:43:25Z
2026-08-28T01,852009328,2,iitzotaku,233,en,2026-08-27T18:40:19Z
2026-08-28T01,852009328,3,enzotps,214,en,2026-08-27T17:33:54Z
2026-08-28T01,1846293708,1,whatifjulia,720,en,2026-08-27T23:31:43Z
2026-08-28T01,1846293708,2,amandaspeaks,496,en,2026-08-27T22:25:20Z
2026-08-28T01,1846293708,3,archit3ct,122,en,2026-08-27T22:13:18Z
2026-08-28T01,401587136,1,mozgoejka,431,ru,2026-08-27T21:13:35Z
2026-08-28T01,401587136,2,j3llybag3l,207,en,2026-08-28T00:00:04Z
2026-08-28T01,401587136,3,trakassinn,175,es,2026-08-27T19:08:32Z
2026-08-28T01,15229,1,radaxt,2177,pt,2026-08-27T18:36:35Z
2026-08-28T01,15229,2,mimilulu23,135,pt,2026-08-27T22:18:05Z
2026-08-28T01,15229,3,cabanadosentinela,43,pt,2026-08-27T23:00:09Z
2026-08-28T01,884569009,1,conix,1351,en,2026-08-27T20:58:47Z
2026-08-28T01,884569009,2,zeuz_0,187,en,2026-08-28T00:59:47Z
2026-08-28T01,884569009,3,sidsity,155,en,2026-08-28T01:23:26Z
2026-08-28T01,512923,1,patopapao,486,pt,2026-08-27T21:20:15Z
2026-08-28T01,512923,2,helheim_lynx,345,en,2026-08-28T01:04:51Z
2026-08-28T01,512923,3,deckedoutedh,105,en,2026-08-27T21:28:38Z
2026-08-28T01,21465,1,mrekk,1797,en,2026-08-28T00:07:18Z
2026-08-28T01,21465,2,koifishu,161,en,2026-08-26T23:28:40Z
2026-08-28T01,21465,3,cityyyno,36,en,2026-08-27T23:08:32Z
2026-08-28T01,71375,1,queen_pwnzalot,295,en,2026-08-28T00:16:06Z
2026-08-28T01,71375,2,theastropub,171,en,2026-08-28T00:09:19Z
2026-08-28T01,71375,3,xerostate,159,en,2026-08-27T23:25:02Z
2026-08-28T01,417752,1,gigaboots,248,en,2026-08-28T01:17:59Z
2026-08-28T01,417752,2,realinfowars,240,en,2026-08-27T23:57:34Z
2026-08-28T01,417752,3,dcp_live,117,en,2026-08-28T01:10:35Z
2026-08-28T01,1544653089,1,mictia00,1543,es,2026-08-27T21:30:44Z
2026-08-28T01,1544653089,2,evapartis,416,es,2026-08-28T00:42:30Z
2026-08-28T01,1544653089,3,shurahiwa,165,es,2026-08-27T23:45:14Z
2026-08-28T01,1678532194,1,showinstatssam,71,en,2026-08-27T23:39:45Z
2026-08-28T01,1678532194,2,invinsonable1,48,en,2026-08-27T22:54:17Z
2026-08-28T01,1678532194,3,itsginobili__,44,en,2026-08-28T00:20:17Z
2026-08-28T05,937636808,1,caseoh_,57081,en,2026-08-28T02:02:24Z
2026-08-28T05,1115711128,1,xqc,16706,en,2026-08-27T17:47:50Z
2026-08-28T05,1115711128,2,redify,501,en,2026-08-28T00:54:05Z
2026-08-28T05,1115711128,3,wonktootie,39,en,2026-08-28T05:00:12Z
2026-08-28T05,1033687757,1,vargskelethor,2346,en,2026-08-28T00:03:48Z
2026-08-28T05,2066107586,1,burkeblack,944,en,2026-08-28T00:48:59Z
2026-08-28T05,2066107586,2,gassymexican,633,en,2026-08-27T23:41:22Z
2026-08-28T05,2066107586,3,cletusbueford,56,en,2026-08-28T00:01:45Z
2026-08-28T05,676802825,1,kaylieuh,221,en,2026-08-28T01:32:55Z
2026-08-28T05,676802825,2,cynder8342,119,en,2026-08-28T00:00:07Z
2026-08-28T05,676802825,3,sunflowersmith,117,en,2026-08-28T00:35:59Z
2026-08-28T05,1042236765,1,pippa,1112,en,2026-08-28T00:57:31Z
2026-08-28T05,1042236765,2,yulihong22,733,zh,2026-08-28T01:13:56Z
2026-08-28T05,1042236765,3,raginggoldeneagle,18,en,2026-08-28T00:59:57Z
2026-08-28T05,518184,1,cooperscharms,248,en,2026-08-28T01:52:47Z
2026-08-28T05,518184,2,msshadylady,76,en,2026-08-28T04:54:37Z
2026-08-28T05,518184,3,smittenseraph,72,en,2026-08-28T02:43:31Z
2026-08-28T05,512923,1,helheim_lynx,303,en,2026-08-28T01:04:51Z
2026-08-28T05,512923,2,thepowerhour,140,en,2026-08-28T04:50:59Z
2026-08-28T05,512923,3,paisley_trees,97,en,2026-08-28T01:21:58Z
2026-08-28T05,1867279146,1,crappa,334,hu,2026-08-28T04:59:36Z
2026-08-28T05,1867279146,2,infinite_sge,276,en,2026-08-28T05:06:29Z
2026-08-28T05,1867279146,3,motfrais,225,es,2026-08-28T03:38:33Z
2026-08-28T05,24226,1,outerheaven,459,en,2026-08-27T23:48:22Z
2026-08-28T05,24226,2,kaytorinn,33,en,2026-08-28T04:07:17Z
2026-08-28T05,24226,3,wtttttm,12,en,2026-08-28T05:00:11Z
2026-08-28T05,509658,1,cinna,17226,en,2026-08-27T20:41:06Z
2026-08-28T05,509658,2,silky,6826,en,2026-08-28T03:59:11Z
2026-08-28T05,509658,3,casimito,6068,pt,2026-08-28T02:00:39Z
2026-08-28T05,2059463486,1,caseoh_,53729,en,2026-08-28T02:02:24Z
2026-08-28T05,2059463486,2,vanillamace,8208,en,2026-08-28T01:00:24Z
2026-08-28T05,2059463486,3,drgluon,794,en,2026-08-28T01:04:03Z
2026-08-28T05,491931,1,theburntpeanut,40221,en,2026-08-28T00:10:51Z
2026-08-28T05,491931,2,smoke,2319,en,2026-08-28T00:54:37Z
2026-08-28T05,491931,3,heyyouvideogame,1301,en,2026-08-28T00:43:00Z
2026-08-28T05,602040818,1,lacy,11735,en,2026-08-27T23:16:24Z
2026-08-28T05,602040818,2,marlon,4430,en,2026-08-27T22:34:27Z
2026-08-28T05,602040818,3,rayasianboy,3520,en,2026-08-27T21:49:58Z
2026-08-28T05,18122,1,maximum,10915,en,2026-08-27T16:52:03Z
2026-08-28T05,18122,2,teamliquid,10812,en,2026-08-27T06:40:55Z
2026-08-28T05,18122,3,echo_esports,3942,en,2026-08-28T03:02:03Z
2026-08-28T05,21779,1,crystalmolly,2873,es,2026-08-28T00:36:47Z
2026-08-28T05,21779,2,kanae_2434,2846,ja,2026-08-28T05:27:05Z
2026-08-28T05,21779,3,pikabooirl,2491,en,2026-08-28T00:20:25Z
2026-08-28T05,516575,1,supertf,7352,en,2026-08-28T00:38:19Z
2026-08-28T05,516575,2,jiunzaiiii,1423,zh,2026-08-28T01:06:52Z
2026-08-28T05,516575,3,paroniie,1211,zh,2026-08-28T04:59:15Z
2026-08-28T05,33214,1,faxuty,3253,en,2026-08-27T22:14:28Z
2026-08-28T05,33214,2,amablitz,1281,es,2026-08-28T02:38:16Z
2026-08-28T05,33214,3,paryeet,865,en,2026-08-28T04:51:15Z
2026-08-28T05,491487,1,skermz,4508,en,2026-08-28T01:51:08Z
2026-08-28T05,491487,2,bronx,956,en,2026-08-28T04:40:10Z
2026-08-28T05,491487,3,maimaittv,878,ja,2026-08-27T16:01:31Z
2026-08-28T05,27471,1,michaelreeves,6011,en,2026-08-28T03:59:01Z
2026-08-28T05,27471,2,kairyucrocodile,1188,en,2026-08-27T21:59:50Z
2026-08-28T05,27471,3,beribug,1172,en,2026-08-27T21:30:48Z
2026-08-28T05,263490,1,fps_shaka,12051,ja,2026-08-28T03:31:09Z
2026-08-28T05,263490,2,shinjifromjapanxd,2265,ja,2026-08-28T04:36:07Z
2026-08-28T05,263490,3,oilrats,1632,en,2026-08-27T13:47:38Z
2026-08-28T05,32982,1,natalie_gabrielle,830,en,2026-08-28T00:33:02Z
2026-08-28T05,32982,2,vadriss,720,en,2026-08-27T23:31:34Z
2026-08-28T05,32982,3,vcm098,585,fr,2026-08-27T15:11:35Z
2026-08-28T05,1264310518,1,esskayuwu,1486,en,2026-08-28T01:50:19Z
2026-08-28T05,1264310518,2,infernasu,944,en,2026-08-28T02:32:54Z
2026-08-28T05,1264310518,3,luckyzeal,761,en,2026-08-28T01:46:17Z
2026-08-28T05,32399,1,boltz,1487,pt,2026-08-28T01:19:49Z
2026-08-28T05,32399,2,fer,874,pt,2026-08-28T01:23:46Z
2026-08-28T05,32399,3,cozart_2s1,755,ru,2026-08-28T01:44:12Z
2026-08-28T05,674491029,1,sasatikk,4748,ja,2026-08-28T04:01:35Z
2026-08-28T05,674491029,2,fairlight_excalibur,1767,en,2026-08-28T00:31:02Z
2026-08-28T05,674491029,3,clioaite,1569,en,2026-08-28T01:06:08Z
2026-08-28T05,498566,1,hojuxohip,2563,pt,2026-08-27T09:45:33Z
2026-08-28T05,498566,2,synare35,2481,en,2026-08-27T09:45:32Z
2026-08-28T05,498566,3,promogabe,2073,en,2026-08-28T05:22:48Z
2026-08-28T05,29595,1,mellstroy,4616,ru,2026-08-27T22:54:44Z
2026-08-28T05,29595,2,absolut3,2317,ru,2026-08-28T01:25:21Z
2026-08-28T05,29595,3,masondota2,1229,en,2026-08-28T04:59:14Z
2026-08-28T05,513143,1,dishsoap,2525,en,2026-08-27T15:10:07Z
2026-08-28T05,513143,2,greentea,2155,zh,2026-08-28T01:07:55Z
2026-08-28T05,513143,3,riri_lol,1156,ja,2026-08-27T23:55:11Z
2026-08-28T05,511224,1,batora324,5041,ja,2026-08-28T03:39:49Z
2026-08-28T05,511224,2,faide,2296,en,2026-08-28T03:43:13Z
2026-08-28T05,511224,3,sang,1010,en,2026-08-27T22:15:16Z
2026-08-28T05,509672,1,kunshikitty,2052,de,2026-08-28T05:09:45Z
2026-08-28T05,509672,2,cooksux,1361,en,2026-08-27T20:37:46Z
2026-08-28T05,509672,3,xargon0731,819,zh,2026-08-28T03:01:55Z
2026-08-28T05,509659,1,kittyflutevt,2062,en,2026-08-28T03:44:02Z
2026-08-28T05,509659,2,itskxtlyn,1879,en,2026-08-28T00:48:52Z
2026-08-28T05,509659,3,thenicolet,972,en,2026-08-28T04:28:22Z
2026-08-28T05,570615518,1,maximilian_dood,4826,en,2026-08-28T02:49:31Z
2026-08-28T05,570615518,2,tonton,1658,fr,2026-08-28T03:50:19Z
2026-08-28T05,570615518,3,streamdatabase,833,en,2026-08-26T17:52:13Z
2026-08-28T05,511399,1,indegnasen0706,11999,ja,2026-08-28T04:08:19Z
2026-08-28T05,511399,2,aurateur,1354,en,2026-08-28T03:05:41Z
2026-08-28T05,511399,3,david_nez,137,es,2026-08-28T04:18:08Z
2026-08-28T05,499973,1,cineillojuan,1046,es,2026-08-27T22:37:14Z
2026-08-28T05,499973,2,strippin,880,en,2026-08-27T15:07:00Z
2026-08-28T05,499973,3,zerator_247,672,fr,2026-08-28T03:00:04Z
2026-08-28T05,515025,1,nico_ov,926,ja,2026-08-28T04:03:24Z
2026-08-28T05,515025,2,cartifan22_,585,en,2026-08-28T02:07:07Z
2026-08-28T05,515025,3,karq,414,en,2026-08-28T01:23:03Z
2026-08-28T05,512710,1,kugothaboss,1259,en,2026-08-28T02:00:16Z
2026-08-28T05,512710,2,aidanbeans,733,en,2026-08-28T03:19:48Z
2026-08-28T05,512710,3,dongy,604,en,2026-08-27T19:22:38Z
2026-08-28T05,458353,1,moonmoon,10428,en,2026-08-27T20:02:11Z
2026-08-28T05,458353,2,nomakk,97,en,2026-08-28T03:18:01Z
2026-08-28T05,458353,3,s9001266,40,zh,2026-08-28T03:24:50Z
2026-08-28T05,1702520304,1,787prada,3007,en,2026-08-27T19:00:45Z
2026-08-28T05,1702520304,2,cutedog_,1669,en,2026-08-28T02:00:22Z
2026-08-28T05,1702520304,3,b0b5,1326,en,2026-08-28T03:31:56Z
2026-08-28T05,2132205352,1,surefour,1907,en,2026-08-27T22:25:24Z
2026-08-28T05,2132205352,2,lacari,1375,en,2026-08-28T03:56:55Z
2026-08-28T05,2132205352,3,dewamoon,853,en,2026-08-28T00:07:21Z
2026-08-28T05,29452,1,dizedi71,2280,pt,2026-08-28T05:06:09Z
2026-08-28T05,29452,2,tealzlol,951,pt,2026-08-27T23:26:02Z
2026-08-28T05,29452,3,nokan777,813,pt,2026-08-28T05:09:57Z
2026-08-28T05,27284,1,gromfalloon,2588,en,2026-08-27T22:58:53Z
2026-08-28T05,27284,2,macaw45,799,en,2026-08-28T01:02:40Z
2026-08-28T05,27284,3,grayskull83,316,en,2026-08-28T01:58:52Z
2026-08-28T05,509660,1,mayberuu,401,zh,2026-08-28T00:45:36Z
2026-08-28T05,509660,2,carmilla_png,171,en,2026-08-28T00:10:24Z
2026-08-28T05,509660,3,maky0813,163,zh,2026-08-28T03:03:43Z
2026-08-28T05,498592,1,kawa1sheep,1385,zh,2026-08-27T13:05:30Z
2026-08-28T05,498592,2,zchum,658,en,2026-08-27T23:21:56Z
2026-08-28T05,498592,3,antonicratv,642,es,2026-08-28T04:49:59Z
2026-08-28T05,138585,1,zorgo_hs,1572,en,2026-08-28T00:18:21Z
2026-08-28T05,138585,2,terablade,1269,ru,2026-08-28T03:00:00Z
2026-08-28T05,138585,3,cantelope,657,en,2026-08-27T23:44:07Z
2026-08-28T05,2397,1,cdawg,5022,en,2026-08-28T04:15:09Z
2026-08-28T05,2397,2,peter,1254,en,2026-08-28T04:46:24Z
2026-08-28T05,2397,3,zackdrew23,3,en,2026-08-28T03:51:55Z
2026-08-28T05,386821,1,canadiancorgii,495,en,2026-08-27T22:47:33Z
2026-08-28T05,386821,2,narelio,399,en,2026-08-28T00:46:21Z
2026-08-28T05,386821,3,trollzinha,374,pt,2026-08-27T17:00:09Z
2026-08-28T05,1119642287,1,joshuaschmidtygo,3080,en,2026-08-27T23:36:13Z
2026-08-28T05,1119642287,2,mrlo_tw,1132,zh,2026-08-27T23:15:48Z
2026-08-28T05,1119642287,3,officialyugiohtcg,227,en,2026-08-27T23:45:57Z
2026-08-28T05,23020,1,sosag0crazy,1364,en,2026-08-28T03:38:13Z
2026-08-28T05,23020,2,muvaellaivy,398,en,2026-08-28T02:06:32Z
2026-08-28T05,23020,3,cochard,248,en,2026-08-27T21:00:36Z
2026-08-28T05,1036710512,1,mikami_kon,1193,ja,2026-08-27T18:09:06Z
2026-08-28T05,1036710512,2,rosecpin9,649,ja,2026-08-28T02:11:13Z
2026-08-28T05,1036710512,3,yamatonjp,460,ja,2026-08-28T01:27:15Z
2026-08-28T05,1441208453,1,mol2u,1025,en,2026-08-28T03:57:31Z
2026-08-28T05,1441208453,2,darksmurfrk,810,en,2026-08-28T03:57:28Z
2026-08-28T05,1441208453,3,sweetlou2022,269,de,2026-08-28T04:14:25Z
2026-08-28T05,1832841853,1,lowtiergod,1639,en,2026-08-28T00:31:51Z
2026-08-28T05,1832841853,2,pixienaut,538,de,2026-08-28T00:20:24Z
2026-08-28T05,1832841853,3,nezba,338,en,2026-08-28T01:35:54Z
2026-08-28T05,499003,1,roflgator,1478,en,2026-08-28T02:01:37Z
2026-08-28T05,499003,2,redify,1068,en,2026-08-28T00:54:05Z
2026-08-28T05,499003,3,lazzie,168,en,2026-08-28T00:00:09Z
2026-08-28T05,459931,1,purpp,1244,en,2026-08-28T00:52:02Z
2026-08-28T05,459931,2,dollblush,429,en,2026-08-28T02:34:02Z
2026-08-28T05,459931,3,storiedryan,337,en,2026-08-28T00:07:35Z
2026-08-28T05,26936,1,windowlightfm,410,en,2026-08-27T16:09:54Z
2026-08-28T05,26936,2,lofigirl,248,en,2026-08-27T07:20:05Z
2026-08-28T05,26936,3,colleendaunceymusic,224,en,2026-08-28T02:46:31Z
2026-08-28T05,464339927,1,angeloniquan,336,en,2026-08-28T04:44:43Z
2026-08-28T05,464339927,2,lyesval,328,en,2026-08-27T21:44:51Z
2026-08-28T05,464339927,3,samejoey,302,en,2026-08-28T04:57:33Z
2026-08-28T05,13332,1,arex,757,en,2026-08-28T00:55:03Z
2026-08-28T05,13332,2,lucellia,488,en,2026-08-28T01:01:05Z
2026-08-28T05,13332,3,bluekandy,469,en,2026-08-28T01:29:50Z
2026-08-28T05,24241,1,ellyen,423,en,2026-08-27T19:12:53Z
2026-08-28T05,24241,2,midnababy,253,en,2026-08-27T22:48:46Z
2026-08-28T05,24241,3,tomeru1,166,ja,2026-08-27T22:40:37Z
2026-08-28T05,512953,1,peeve,745,en,2026-08-27T18:29:14Z
2026-08-28T05,512953,2,oroboro,314,en,2026-08-28T05:22:39Z
2026-08-28T05,512953,3,saintriot,248,en,2026-08-28T04:02:52Z
2026-08-28T05,55453844,1,naru0419045,1774,ja,2026-08-28T04:48:35Z
2026-08-28T05,55453844,2,kawanochannn,617,ja,2026-08-28T04:05:05Z
2026-08-28T05,55453844,3,nephewdork,282,en,2026-08-28T04:13:56Z
2026-08-28T05,272263131,1,alveussanctuary,830,en,2026-08-27T13:06:42Z
2026-08-28T05,272263131,2,ferretsoftware,337,en,2026-08-26T18:17:51Z
2026-08-28T05,272263131,3,marinemammalrescue,218,en,2026-08-27T23:21:49Z
2026-08-28T05,509577,1,criticalrole,3275,en,2026-08-28T01:35:31Z
2026-08-28T05,509577,2,writerfluff,52,en,2026-08-27T23:39:34Z
2026-08-28T05,509577,3,captainrobear,46,en,2026-08-28T04:22:39Z
2026-08-28T05,1669431183,1,henny,400,en,2026-08-28T03:54:18Z
2026-08-28T05,1669431183,2,juicedrumandbass,256,en,2026-08-28T01:53:46Z
2026-08-28T05,1669431183,3,davel,161,en,2026-08-28T02:03:19Z
2026-08-28T05,30921,1,julien,471,en,2026-08-28T00:17:25Z
2026-08-28T05,30921,2,tawk,316,en,2026-08-28T02:07:15Z
2026-08-28T05,30921,3,norwing,226,es,2026-08-28T04:58:00Z
2026-08-28T05,11456,1,elcamacho24,3416,es,2026-08-28T04:04:27Z
2026-08-28T05,31339,1,gaules,323,pt,2026-08-27T17:29:33Z
2026-08-28T05,31339,2,aandyh,265,en,2026-08-27T23:11:09Z
2026-08-28T05,31339,3,randomkiwigamer,126,en,2026-08-28T05:28:54Z
2026-08-28T05,670138298,1,mayz,1388,en,2026-08-28T03:15:02Z
2026-08-28T05,670138298,2,problemwright,574,en,2026-08-27T22:03:35Z
2026-08-28T05,670138298,3,huddlegg,217,en,2026-08-28T04:05:26Z
2026-08-28T05,27546,1,german_intelligence,720,en,2026-08-27T21:07:22Z
2026-08-28T05,27546,2,o_p_hacker,503,en,2026-08-27T21:40:26Z
2026-08-28T05,27546,3,discostar,428,pl,2026-08-28T03:15:07Z
2026-08-28T05,460630,1,ambir6,493,en,2026-08-28T02:47:57Z
2026-08-28T05,460630,2,kaylame_,129,en,2026-08-28T00:00:04Z
2026-08-28T05,460630,3,jayyguns,128,en,2026-08-28T00:01:41Z
2026-08-28T05,19619,1,alemaosao,399,pt,2026-08-27T18:04:32Z
2026-08-28T05,19619,2,lucaspagun,155,pt,2026-08-27T22:01:38Z
2026-08-28T05,19619,3,georgezanelato,153,pt,2026-08-27T08:51:39Z
2026-08-28T05,2012789438,1,parasite,534,en,2026-08-27T23:09:42Z
2026-08-28T05,2012789438,2,kremp,220,en,2026-08-28T03:14:26Z
2026-08-28T05,2012789438,3,tjhaly,180,en,2026-08-28T03:25:26Z
2026-08-28T05,499634,1,threadguyhedgehog,1030,en,2026-08-28T04:34:08Z
2026-08-28T05,499634,2,thannani,233,en,2026-08-28T05:05:17Z
2026-08-28T05,499634,3,kevsznxxx,213,en,2026-08-28T03:28:30Z
2026-08-28T05,624536948,1,kent_6_9,229,fr,2026-08-28T05:07:10Z
2026-08-28T05,624536948,2,patuxdz,154,en,2026-08-28T03:14:31Z
2026-08-28T05,624536948,3,eadriaticleaguetwo,139,en,2026-08-28T04:58:16Z
2026-08-28T05,490655,1,ofuris,658,en,2026-08-27T03:51:41Z
2026-08-28T05,490655,2,badgeforbadge,510,en,2026-08-27T19:06:34Z
2026-08-28T05,490655,3,hoshiri13,443,en,2026-08-27T13:10:15Z
2026-08-28T05,1898040946,1,lass,456,en,2026-08-28T01:34:27Z
2026-08-28T05,1898040946,2,missmegzie,95,en,2026-08-27T21:19:10Z
2026-08-28T05,1898040946,3,peachyyanni,76,en,2026-08-28T03:37:51Z
2026-08-28T05,493057,1,k1im,1295,ru,2026-08-28T04:06:16Z
2026-08-28T05,493057,2,simplymatthias,162,en,2026-08-28T01:03:41Z
2026-08-28T05,493057,3,vurt,95,en,2026-08-28T01:14:50Z
2026-08-28T05,504463,1,streamerhouse,993,en,2026-08-26T22:18:35Z
2026-08-28T05,504463,2,jenjaminbuttons,340,en,2026-08-27T22:37:43Z
2026-08-28T05,504463,3,xlokillox,212,es,2026-08-28T00:37:27Z
2026-08-28T05,66082,1,jankyrondo,672,en,2026-08-27T22:37:25Z
2026-08-28T05,66082,2,will_shand,290,en,2026-08-28T00:54:36Z
2026-08-28T05,66082,3,senz,243,en,2026-08-28T02:07:40Z
2026-08-28T05,18893,1,calebhart42,977,en,2026-08-28T00:09:31Z
2026-08-28T05,18893,2,bobbeigh,251,en,2026-08-28T02:00:21Z
2026-08-28T05,18893,3,sekine,240,en,2026-08-27T22:47:36Z
2026-08-28T05,500188,1,khalamity,428,en,2026-08-27T22:34:10Z
2026-08-28T05,500188,2,sprooky,385,en,2026-08-28T00:05:04Z
2026-08-28T05,500188,3,ghouly,229,en,2026-08-27T23:29:09Z
2026-08-28T05,1432155743,1,themaindevent,2136,en,2026-08-28T01:45:14Z
2026-08-28T05,1432155743,2,gamingwithremi,9,en,2026-08-28T03:55:58Z
2026-08-28T05,66170,1,ladytheladdy,1006,en,2026-08-27T19:00:21Z
2026-08-28T05,66170,2,snootydeath,180,en,2026-08-28T01:17:03Z
2026-08-28T05,66170,3,dynoes,100,en,2026-08-28T01:58:42Z
2026-08-28T05,1851682118,1,vargskelethor,2475,en,2026-08-28T00:03:48Z
2026-08-28T05,982017546,1,frozendesire,462,en,2026-08-28T01:36:05Z
2026-08-28T05,982017546,2,ladysapphire,435,en,2026-08-28T03:21:37Z
2026-08-28T05,982017546,3,justalittlerainn,213,en,2026-08-28T00:14:51Z
2026-08-28T05,1081998272,1,melizande,453,en,2026-08-28T03:07:26Z
2026-08-28T05,1081998272,2,xnanatyx,118,es,2026-08-28T01:45:52Z
2026-08-28T05,1081998272,3,qubblez_,94,en,2026-08-28T02:09:17Z
2026-08-28T05,417528,1,leagueofangel,401,en,2026-08-27T23:31:12Z
2026-08-28T05,417528,2,whithblade,389,es,2026-08-28T01:12:07Z
2026-08-28T05,417528,3,africaalbion,233,pt,2026-08-27T23:21:38Z
2026-08-28T05,460951,1,doggie,1722,en,2026-08-28T02:47:41Z
2026-08-28T05,460951,2,ryanisalwaysbored,97,en,2026-08-28T04:06:51Z
2026-08-28T05,460951,3,yoshipower,29,en,2026-08-28T02:40:38Z
2026-08-28T05,1282866981,1,equalplays,487,en,2026-08-27T22:04:56Z
2026-08-28T05,1282866981,2,terasite,264,en,2026-08-28T00:53:57Z
2026-08-28T05,1282866981,3,hsuanhsuandesu,153,zh,2026-08-28T03:32:07Z
2026-08-28T05,19441,1,unclebjorn,2130,ru,2026-08-28T02:20:59Z
2026-08-28T05,168648543,1,rglqq,230,en,2026-08-28T01:13:04Z
2026-08-28T05,168648543,2,wolfbrink,186,en,2026-08-28T04:57:09Z
2026-08-28T05,168648543,3,tourva,124,en,2026-08-28T01:32:27Z
2026-08-28T05,509511,1,sandyjackson,303,de,2026-08-27T20:55:33Z
2026-08-28T05,509511,2,dietbob,118,en,2026-08-28T02:03:17Z
2026-08-28T05,509511,3,caracolive,102,pt,2026-08-28T01:47:34Z
2026-08-28T05,1478650472,1,swagg,1241,en,2026-08-28T05:28:12Z
2026-08-28T05,1478650472,2,youtubezdawg,283,en,2026-08-27T21:38:26Z
2026-08-28T05,1478650472,3,astrox031,142,pt,2026-08-28T00:43:47Z
2026-08-28T05,65632,1,ceremor,469,en,2026-08-28T04:11:59Z
2026-08-28T05,65632,2,house,424,en,2026-08-28T00:47:18Z
2026-08-28T05,65632,3,templetaps,183,en,2026-08-28T00:00:58Z
2026-08-28T05,1771721043,1,benitofam5,1418,en,2026-08-28T02:03:02Z
2026-08-28T05,1771721043,2,lefti_leftthegalaxy,293,en,2026-08-28T05:14:19Z
2026-08-28T05,1771721043,3,violethunni,7,en,2026-08-28T05:06:57Z
2026-08-28T05,965771331,1,onceuponem,1588,en,2026-08-28T02:00:21Z
2026-08-28T05,965771331,2,facefullabugs,54,en,2026-08-28T03:30:32Z
2026-08-28T05,965771331,3,macodx,12,en,2026-08-28T02:08:43Z
2026-08-28T05,511229,1,dasoku_aniki,709,ja,2026-08-28T02:52:12Z
2026-08-28T05,511229,2,momoti1234,494,ja,2026-08-28T04:44:28Z
2026-08-28T05,511229,3,tonbocub,492,ja,2026-08-27T05:45:08Z
2026-08-28T05,509663,1,treelover462,476,de,2026-08-27T21:22:58Z
2026-08-28T05,509663,2,goblinfia,180,en,2026-08-27T23:14:36Z
2026-08-28T05,509663,3,noway24u,154,de,2026-08-27T05:05:38Z
2026-08-28T05,1494,1,jinnjaaa,69,en,2026-08-28T03:43:08Z
2026-08-28T05,1494,2,t_breezy485,24,en,2026-08-28T02:23:00Z
2026-08-28T05,1494,3,xenomorphs_rule,18,en,2026-08-28T05:03:58Z
2026-08-28T05,513181,1,limbosauce,308,en,2026-08-28T00:01:55Z
2026-08-28T05,513181,2,a_o_p_p_a,81,ru,2026-08-28T02:00:12Z
2026-08-28T05,513181,3,whinnaay,69,en,2026-08-28T00:29:20Z
2026-08-28T05,538054672,1,brawlpro,980,en,2026-08-28T01:16:19Z
2026-08-28T05,538054672,2,yuyu_tekken,137,ja,2026-08-28T02:34:50Z
2026-08-28T05,538054672,3,amour,120,en,2026-08-28T03:02:26Z
2026-08-28T05,493959,1,emiru247,197,en,2026-08-27T17:57:18Z
2026-08-28T05,493959,2,djinnjee,87,en,2026-08-28T00:27:39Z
2026-08-28T05,493959,3,ixuselene,84,en,2026-08-27T22:15:50Z
2026-08-28T05,7022,1,gronkhtv,1498,de,2026-08-26T21:11:10Z
2026-08-28T05,7022,2,yocapi_pr,22,es,2026-08-28T02:36:20Z
2026-08-28T05,7022,3,dezmondfur,13,en,2026-08-28T03:10:54Z
2026-08-28T05,497057,1,aiiygatorz,244,en,2026-08-28T02:02:43Z
2026-08-28T05,497057,2,banned_wipe,82,en,2026-08-28T04:20:35Z
2026-08-28T05,497057,3,gambits_casino,78,en,2026-08-28T00:52:08Z
2026-08-28T05,852009328,1,tecnosh,373,pt,2026-08-28T00:43:15Z
2026-08-28T05,852009328,2,iitzotaku,238,en,2026-08-27T18:40:19Z
2026-08-28T05,852009328,3,alathium,171,en,2026-08-28T02:01:37Z
2026-08-28T05,213930085,1,rubee,828,en,2026-08-28T02:13:18Z
2026-08-28T05,213930085,2,badgearchive,134,en,2026-08-27T12:56:57Z
2026-08-28T05,213930085,3,chaco_chaaa,81,ja,2026-08-28T03:00:46Z
2026-08-28T05,6521,1,skyshocktv,690,es,2026-08-27T18:48:39Z
2026-08-28T05,6521,2,stephaniemx_,410,es,2026-08-28T03:27:41Z
2026-08-28T05,6521,3,seversasha,95,ru,2026-08-28T04:28:44Z
2026-08-28T05,1687175620,1,datmodz,1442,en,2026-08-27T21:26:28Z
2026-08-28T05,1687175620,2,earthlingm,3,en,2026-08-28T03:13:16Z
2026-08-28T05,1687175620,3,outaaban,1,ja,2026-08-28T05:38:41Z
2026-08-28T05,416015,1,mistersleepycat,817,en,2026-08-27T23:09:18Z
2026-08-28T05,416015,2,2964872,121,zh,2026-08-28T04:26:14Z
2026-08-28T05,416015,3,toumatv,75,pt,2026-08-28T02:35:34Z
2026-08-28T05,401587136,1,gl40labsrat,197,en,2026-08-28T01:00:13Z
2026-08-28T05,401587136,2,kassshiro,139,ru,2026-08-28T05:12:19Z
2026-08-28T05,401587136,3,sayhelloromah,111,ru,2026-08-28T03:14:50Z
2026-08-28T05,415998825,1,nl_kripp,1282,en,2026-08-27T21:34:37Z
2026-08-28T05,415998825,2,merl61,119,en,2026-08-28T03:33:49Z
2026-08-28T05,415998825,3,dillyg10,28,en,2026-08-28T00:49:17Z
2026-08-28T05,743,1,itsmrskychess,837,en,2026-08-28T04:15:06Z
2026-08-28T05,743,2,gmminhle,174,en,2026-08-28T03:14:23Z
2026-08-28T05,743,3,alansgambit,108,en,2026-08-28T05:06:53Z
